Chatbot,Website
@LimitlessLifeTV,https://limitlesswoodland.com
@TFHLeesburg,https://thefathershouse.com
@crosslandcommunitychurch,https://www.crossland.tv/
@lakeshorechristianchurch,https://lakeshorechristian.com
@thefathershouse,https://tfh.org
@citychurchgtx,https://www.citychurchgtx.com/
@compasscitychurch,https://compasscity.org
@harvestobservices,https://harvestob.org
@hopeonthebeachchurch,https://hopeonthebeach.com
@christchurchfulham,https://ccfulham.com
@edgewaterchristianfellowship,https://edgewaterfellowship.org
@newhopechurch,https://newhopechurch.org
@phoenixbiblechurch,https://phoenixbiblechurch.com
@mynewlifechurch,https://mynewlifechurch.com/
@CommunitySDAChurch,https://communitysdachurch.org
@LivingWordMarshall,https://livingwordmarshall.org
@EvolveChurch,https://evolvechurch.com
@arrowschurch,https://arrows.church
@harmonychurchnz,https://harmonychurch.nz
@RadiateChurch,https://radiatechurch.net
@OakGroveBaptistChurch316,https://oakgrovebaptist.com
@AbundantHeartChurch-nm7es,https://abundantheartchurch.org
@theflamechurch737,https://theflamecc.org.uk
@fbcpeachtreecity,https://fbcptc.org
@rolchurchva,https://rolchurchva.com
@gccph,https://gccp.org.ph
@ReachCityChurchcle,https://reachchurchcle.com
@tc3.church,https://tc3.church
@shphc,https://shphc.org
@epworthfaith,https://epworth.faith
@ChathamCommunityChurch,https://chathamchurch.org
@westromebaptist,https://westrome.org
@HopeCityChurchcc,https://wearehopecity.cc
@shilohchurchoakland,https://shilohonline.com
@fcfchurch,https://fcfchurch.com
@graniteunitedchurch,https://graniteunited.com
@TheBarnMinistries,https://thebarn.church
@highestpraisechurch,https://highestpraisechurch.com
@goALC,https://goalc.com
@resonatelifechurch8044,https://resonatelife.tv
@EncounterChurchNZ,https://encounter.org.nz
@3wchurchmiami,https://3wchurch.com
@Beulah_Baptist_FL,https://beulahbaptistwg.org
@Graceland.Church,https://graceland.church
@GreaterCentennial,https://greatercentennial.org
@wordoffaithtexas,https://woftx.com
@capevineyard,https://capevineyard.com
@RealLifeSC,https://reallifesc.org
@mtolivetbaptistchurch,https://mtolivet.com
@calvaryokc,https://calvaryokc.church
@fairlawnchurchfp5965,https://fairlawnfamily.com
@graceunitedcaledonia,https://graceunitedcaledonia.com
@johnwesleychurch-houston,https://jwchurch.org
@SunnyvaleTrinity,https://svtrinity.org
@storehousechicago,https://storehousechicago.org
@oakwoodchurch8814,https://oakwoodfl.org
@bellevuechurch,https://bellevuechurch.org
@firstbaptistchurchofmablet5269,https://fbcmableton.com
@highpointechurch,https://myhpc.com
@paradoxwarren,https://paradoxchurch.com
@fiveriverschurch6577,https://fiverivers.church
@granvillechapelcommunity,https://granvillechapel.com
@mountainsidesda,https://mountainsidesdachurch.org
@reedsportchurchofgod,https://rchog.org
@faithcommunitychurch8690,https://fccharrisonburg.com
@southportchurch,https://myfamily.church
@theinspirationchurch,https://theinspirationchurch.com
@ccgf01,https://ccgf.org
@lifemelbourne,https://lifeau.org
@theriver-doylestown,https://rolcdoylestown.org
@southeastbaptist,https://sebaptist.org
@easternstarchurch,https://easternstarchurch.org
@gatewaychurchga,https://gatewaychurchga.com
@forwardpalmetto,https://forwardpalmetto.com
@newhopecardiff,https://newhopecc.co.uk
@heritagekychurch,https://heritageky.org
@thisismosaic,https://thisismosaic.org
@bellavistambc,https://bvmbc.org
@wearestmbc,https://stthomasmbcjax.org
@cityofdavidatlanta,https://cityofdavidatlanta.org
@faithchurchcc,https://faithchurch.cc
@c3milpitas,https://c3milpitas.org
@rescuechurchaustin,https://rescuechurch.net
@harvestchristianministries,https://come2harvest.org
@weareresonate,https://weareresonate.ca
@accesschurchfl,https://accesschurch.com
@simplythewordonline,https://rivercitycc.com
@hopemidtown,https://hopechurchnyc.org
@purcellvillebaptistchurch8934,https://purbap.org
@marklovato7718,https://churchisgreat.com
@stroudupc,https://stroudupc.com
@iichronicles0904,https://pmbcjax.com
@homechurchtx,https://homechurchtx.com
@housechurchni,https://housechurchni.com
@doctordmg,https://lifglobal.org
@ablazechurchrva,https://ablazerva.org
@stpaultexas,https://splch.com
@emmanuelchurchofweatherfordtx,https://emmanuelweatherford.com
@harvestchurchok,https://harvestchurchok.org
@centrocristianoweinfelden680,https://icc-weinfelden.ch
@forestcommunitychurch7658,https://forest.church
@appwesleytv,NO_WEBSITE
@overcomechurch2821,NO_WEBSITE
@graceministriesny,NO_WEBSITE
@midtownkc.church,NO_WEBSITE
@ccfoursquare,NO_WEBSITE
@woodhavenbaptistchurchrockhill,NO_WEBSITE
@cbcpsl.church,NO_WEBSITE
@hbcchester,NO_WEBSITE
@hylandheightsbaptistchurch,NO_WEBSITE
@mycurrentchurch,NO_WEBSITE
@northpointechurch4327,NO_WEBSITE
@socialdallas,NO_WEBSITE
@onechurchnj,NO_WEBSITE
@sanctuarychurchonline,NO_WEBSITE
@impactchurchfxbg,NO_WEBSITE
@kingsfordchurchofchrist2032,NO_WEBSITE
@asburyraleigh,NO_WEBSITE
@canvaschurchfl,NO_WEBSITE
@manahawkinbaptistchurch,NO_WEBSITE
@harvestalexandria2722,NO_WEBSITE
@discoverychristianchurch,NO_WEBSITE
@risenchurchvb,NO_WEBSITE
@northbridgecommunitychurch7160,NO_WEBSITE
@journeyfremont,NO_WEBSITE
@harborwestoahu,NO_WEBSITE
@newcommunitychurchstl,NO_WEBSITE
@victoryfellowshipsb,NO_WEBSITE
@harborpointchurch,NO_WEBSITE
@willowridgechurch,NO_WEBSITE
@kokemillchristianchurch,NO_WEBSITE
@freeportwesleyanholinessch9149,NO_WEBSITE
@nabconline,NO_WEBSITE
@hopelandschurch5593,NO_WEBSITE
@leoniachurch,NO_WEBSITE
@encounterlifeministries,NO_WEBSITE
@novationchurch,NO_WEBSITE
@communitypresbyterianvacav6851,NO_WEBSITE
@christchurchuccdesplaines,NO_WEBSITE
@heavenliving,NO_WEBSITE
@zaomke,NO_WEBSITE
@christwaychurch,NO_WEBSITE
@familyfellowshipchurch5575,NO_WEBSITE
@fellowshipbaptistchurch-li3330,NO_WEBSITE
@graceaz,NO_WEBSITE
@crossroadschurch9803,NO_WEBSITE
@kunaunitedmethodistchurch3158,NO_WEBSITE
@hopecitycommunitychurch,NO_WEBSITE
@mtoliveaustin,NO_WEBSITE
@dunntownadventchristianchu3944,NO_WEBSITE
@firstbaptistnewport,NO_WEBSITE
@stmatthewsumcsa,NO_WEBSITE
@missionchurchca,NO_WEBSITE
@yadkinvilleunitedmethodist6120,NO_WEBSITE
@christpointchurch,NO_WEBSITE
@nortonbaptistchurch512,NO_WEBSITE
@livingwordchurchcorpuschri5729,NO_WEBSITE
@parkviewnaz,NO_WEBSITE
@nlcev,NO_WEBSITE
@gracechurchofthenazarene,NO_WEBSITE
@themissionanglicanchurchpcola,NO_WEBSITE
@rexdalealliancechurch,NO_WEBSITE
@dayinalifeofoz,NO_WEBSITE
@mbcverona,NO_WEBSITE
@greaterhopebuffalo-3946,NO_WEBSITE
@journeychurchdfw,NO_WEBSITE
@misterburks,NO_WEBSITE
@baysidebaptistchurch-live3254,NO_WEBSITE
@fbcofelcampo9973,NO_WEBSITE
@daystarchurch,NO_WEBSITE
@centralmanorchurch,NO_WEBSITE
@gebdallas,NO_WEBSITE
@templebaptistchurchfayette1952,NO_WEBSITE
@hopechurchkyle,NO_WEBSITE
@quincyfreemethodistchurch234,NO_WEBSITE
@redemptionchurchbelvidere,NO_WEBSITE
@csfbc7113,NO_WEBSITE
@sjcoc,NO_WEBSITE
@commonplacetv,NO_WEBSITE
@communitybaptist,NO_WEBSITE
@bouldermountaincc,NO_WEBSITE
@southlakenazarene4646,NO_WEBSITE
@solidrockjc,NO_WEBSITE
@mountcarmelmaryville2298,NO_WEBSITE
@delsolchurch,NO_WEBSITE
@freshwatercommunitychurchw6795,NO_WEBSITE
@sanctuarycov,NO_WEBSITE
@thelandingchurch,NO_WEBSITE
@colossebaptist77,NO_WEBSITE
@fontesp,NO_WEBSITE
@westsidechurch770,NO_WEBSITE
@kellycrenshaw,NO_WEBSITE
@pcfministries,NO_WEBSITE
@coltoncommunitychurch2294,NO_WEBSITE
@doorofhopechristianchurchtas,NO_WEBSITE
@graceridgechurch,NO_WEBSITE
@mynhc,NO_WEBSITE
@riverbendrm,NO_WEBSITE
@oakgrovechurch,NO_WEBSITE
@issaquahchristianchurch2266,NO_WEBSITE
@mylibertylive,NO_WEBSITE
@newhopemelb,NO_WEBSITE
@villagebiblechurch,NO_WEBSITE
@cornerstonechpl,NO_WEBSITE
@pursuitculture,NO_WEBSITE
@calvaryvirginiabeachchurch,NO_WEBSITE
@sunsetchurchsf,NO_WEBSITE
@metrobaptistalbany9127,NO_WEBSITE
@hickoryflatchurch,NO_WEBSITE
@redeemerwinstonsalem,NO_WEBSITE
@portcharlottechurch,NO_WEBSITE
@northvalleychurchaz,NO_WEBSITE
@revivaltaborg,NO_WEBSITE
@saanichbaptistchurch,NO_WEBSITE
@metrotabchurch,NO_WEBSITE
@mooresvillefumc4922,NO_WEBSITE
@ntccirvingtx,NO_WEBSITE
@beachchapel,NO_WEBSITE
@ctbrandon,NO_WEBSITE
@bethelontario,NO_WEBSITE
@suamicounitedmethodistchur3100,NO_WEBSITE
@lohchurchomaha,NO_WEBSITE
@suburbanchristianchurch,NO_WEBSITE
@firstlutheranchurchcolorado,NO_WEBSITE
@newlifechristiancenterca,NO_WEBSITE
@livingspringscommunitychurch,NO_WEBSITE
@pottershousevb,NO_WEBSITE
@casadelibertadorg,NO_WEBSITE
@accesschurch,NO_WEBSITE
@johnsonstreet,NO_WEBSITE
@prestonwood,NO_WEBSITE
@thepointeonline,NO_WEBSITE
@westendcommunitychurch,NO_WEBSITE
@lexingtonparkbaptistchurch5608,NO_WEBSITE
@zionanywhere,NO_WEBSITE
@wearediscipleschurch,NO_WEBSITE
@concordchurch,NO_WEBSITE
@kingslandcolchester,NO_WEBSITE
@newlifeartesia,NO_WEBSITE
@gracelifemccalla,NO_WEBSITE
@thelcchurch,NO_WEBSITE
@audaciouschurch,NO_WEBSITE
@madisonchurchofchrist,NO_WEBSITE
@servingchristnow,NO_WEBSITE
@3mbccharleston,NO_WEBSITE
