Chatbot,Website
@LimitlessLifeTV,limitlesswoodland.com
@TFHLeesburg,thefathershouse.com
@crosslandcommunitychurch,https://www.crossland.tv/
@lakeshorechristianchurch,lakeshorechristian.com
@thefathershouse,tfh.org
@citychurchgtx,https://www.citychurchgtx.com/
@compasscitychurch,compasscity.org
@harvestobservices,harvestob.org
@hopeonthebeachchurch,hopeonthebeach.com
@christchurchfulham,ccfulham.com
@edgewaterchristianfellowship,edgewaterfellowship.org
@newhopechurch,newhopechurch.org
@phoenixbiblechurch,phoenixbiblechurch.com
@mynewlifechurch,https://mynewlifechurch.com/
@CommunitySDAChurch,communitysdachurch.org
@LivingWordMarshall,livingwordmarshall.org
@EvolveChurch,evolvechurch.com
@arrowschurch,arrows.church
@harmonychurchnz,harmonychurch.nz
@RadiateChurch,radiatechurch.net
@OakGroveBaptistChurch316,oakgrovebaptist.com
@AbundantHeartChurch-nm7es,abundantheartchurch.org
@theflamechurch737,theflamecc.org.uk
@fbcpeachtreecity,fbcptc.org
@rolchurchva,rolchurchva.com
@gccph,gccp.org.ph
@ReachCityChurchcle,reachchurchcle.com
@tc3.church,tc3.church
@shphc,shphc.org
@epworthfaith,epworth.faith
@ChathamCommunityChurch,chathamchurch.org
@westromebaptist,westrome.org
@HopeCityChurchcc,wearehopecity.cc
@shilohchurchoakland,shilohonline.com
@fcfchurch,fcfchurch.com
@graniteunitedchurch,graniteunited.com
@TheBarnMinistries,thebarn.church
@highestpraisechurch,highestpraisechurch.com
@goALC,goalc.com
@resonatelifechurch8044,resonatelife.tv
@EncounterChurchNZ,encounter.org.nz
@3wchurchmiami,3wchurch.com
@Beulah_Baptist_FL,beulahbaptistwg.org
@Graceland.Church,graceland.church
@GreaterCentennial,greatercentennial.org
@wordoffaithtexas,woftx.com
@capevineyard,capevineyard.com
@RealLifeSC,reallifesc.org
@mtolivetbaptistchurch,mtolivet.com
@calvaryokc,calvaryokc.church
@fairlawnchurchfp5965,fairlawnfamily.com
@graceunitedcaledonia,graceunitedcaledonia.com
@johnwesleychurch-houston,jwchurch.org
@SunnyvaleTrinity,svtrinity.org
@storehousechicago,storehousechicago.org
@oakwoodchurch8814,oakwoodfl.org
@bellevuechurch,bellevuechurch.org
@firstbaptistchurchofmablet5269,fbcmableton.com
@highpointechurch,myhpc.com
@paradoxwarren,paradoxchurch.com
@fiveriverschurch6577,fiverivers.church
@granvillechapelcommunity,granvillechapel.com
@mountainsidesda,mountainsidesdachurch.org
@reedsportchurchofgod,rchog.org
@faithcommunitychurch8690,fccharrisonburg.com
@southportchurch,myfamily.church
@theinspirationchurch,theinspirationchurch.com
@ccgf01,ccgf.org
@lifemelbourne,lifeau.org
@theriver-doylestown,rolcdoylestown.org
@southeastbaptist,sebaptist.org
@easternstarchurch,easternstarchurch.org
@gatewaychurchga,gatewaychurchga.com
@forwardpalmetto,forwardpalmetto.com
@newhopecardiff,https://newhopecc.co.uk
@heritagekychurch,https://heritageky.org
@thisismosaic,https://thisismosaic.org
@bellavistambc,https://bvmbc.org
@wearestmbc,https://stthomasmbcjax.org
@cityofdavidatlanta,https://cityofdavidatlanta.org
@faithchurchcc,https://faithchurch.cc
@c3milpitas,https://c3milpitas.org
@rescuechurchaustin,https://rescuechurch.net
@harvestchristianministries,https://come2harvest.org
@weareresonate,https://weareresonate.ca
@accesschurchfl,https://accesschurch.com
@simplythewordonline,https://rivercitycc.com
@hopemidtown,https://hopechurchnyc.org
@purcellvillebaptistchurch8934,https://purbap.org
@marklovato7718,https://churchisgreat.com
@stroudupc,https://stroudupc.com
@iichronicles0904,https://pmbcjax.com
@homechurchtx,https://homechurchtx.com
@housechurchni,https://housechurchni.com
@doctordmg,https://lifglobal.org
@ablazechurchrva,https://ablazerva.org
@stpaultexas,https://splch.com
@emmanuelchurchofweatherfordtx,https://emmanuelweatherford.com
@harvestchurchok,https://harvestchurchok.org
@centrocristianoweinfelden680,https://icc-weinfelden.ch
@forestcommunitychurch7658,https://forest.church
@appwesleytv,
@overcomechurch2821,
@graceministriesny,
@midtownkc.church,
@ccfoursquare,
@woodhavenbaptistchurchrockhill,
@cbcpsl.church,
@hbcchester,
@hylandheightsbaptistchurch,
@mycurrentchurch,
@northpointechurch4327,
@socialdallas,
@onechurchnj,
@sanctuarychurchonline,
@impactchurchfxbg,
@kingsfordchurchofchrist2032,
@asburyraleigh,
@canvaschurchfl,
@manahawkinbaptistchurch,
@harvestalexandria2722,
@discoverychristianchurch,
@risenchurchvb,
@northbridgecommunitychurch7160,
@journeyfremont,
@harborwestoahu,
@newcommunitychurchstl,
@victoryfellowshipsb,
@harborpointchurch,
@willowridgechurch,
@kokemillchristianchurch,
@freeportwesleyanholinessch9149,
@nabconline,
@hopelandschurch5593,
@leoniachurch,
@encounterlifeministries,
@novationchurch,
@communitypresbyterianvacav6851,
@christchurchuccdesplaines,
@heavenliving,
@zaomke,
@christwaychurch,
@familyfellowshipchurch5575,
@fellowshipbaptistchurch-li3330,
@graceaz,
@crossroadschurch9803,
@kunaunitedmethodistchurch3158,
@hopecitycommunitychurch,
@mtoliveaustin,
@dunntownadventchristianchu3944,
@firstbaptistnewport,
@stmatthewsumcsa,
@missionchurchca,
@yadkinvilleunitedmethodist6120,
@christpointchurch,
@nortonbaptistchurch512,
@livingwordchurchcorpuschri5729,
@parkviewnaz,
@nlcev,
@gracechurchofthenazarene,
@themissionanglicanchurchpcola,
@rexdalealliancechurch,
@dayinalifeofoz,
@mbcverona,
@greaterhopebuffalo-3946,
@journeychurchdfw,
@misterburks,
@baysidebaptistchurch-live3254,
@fbcofelcampo9973,
@daystarchurch,
@centralmanorchurch,
@gebdallas,
@templebaptistchurchfayette1952,
@hopechurchkyle,
@quincyfreemethodistchurch234,
@redemptionchurchbelvidere,
@csfbc7113,
@sjcoc,
@commonplacetv,
@communitybaptist,
@bouldermountaincc,
@southlakenazarene4646,
@solidrockjc,
@mountcarmelmaryville2298,
@delsolchurch,
@freshwatercommunitychurchw6795,
@sanctuarycov,
@thelandingchurch,
@colossebaptist77,
@fontesp,
@westsidechurch770,
@kellycrenshaw,
@pcfministries,
@coltoncommunitychurch2294,
@doorofhopechristianchurchtas,
@graceridgechurch,
@mynhc,
@riverbendrm,
@oakgrovechurch,
@issaquahchristianchurch2266,
@mylibertylive,
@newhopemelb,
@villagebiblechurch,
@cornerstonechpl,
@pursuitculture,
@calvaryvirginiabeachchurch,
@sunsetchurchsf,
@metrobaptistalbany9127,
@hickoryflatchurch,
@redeemerwinstonsalem,
@portcharlottechurch,
@northvalleychurchaz,
@revivaltaborg,
@saanichbaptistchurch,
@metrotabchurch,
@mooresvillefumc4922,
@ntccirvingtx,
@beachchapel,
@ctbrandon,
@bethelontario,
@suamicounitedmethodistchur3100,
@lohchurchomaha,
@suburbanchristianchurch,
@firstlutheranchurchcolorado,
@newlifechristiancenterca,
@livingspringscommunitychurch,
@pottershousevb,
@casadelibertadorg,
@accesschurch,
@johnsonstreet,
@prestonwood,
@thepointeonline,
@westendcommunitychurch,
@lexingtonparkbaptistchurch5608,
@zionanywhere,
@wearediscipleschurch,
@concordchurch,
@kingslandcolchester,
@newlifeartesia,
@gracelifemccalla,
@thelcchurch,
@audaciouschurch,
@madisonchurchofchrist,
@servingchristnow,
@phoenixbiblechurch,
@3mbccharleston,